{
  "ABIRoot": {
    "kind": "Root",
    "name": "TopLevel",
    "printedName": "TopLevel",
    "children": [
      {
        "kind": "Import",
        "name": "Foundation",
        "printedName": "Foundation",
        "declKind": "Import",
        "moduleName": "GrowthSDKiOS",
        "declAttributes": [
          "RawDocComment"
        ]
      },
      {
        "kind": "Import",
        "name": "Foundation",
        "printedName": "Foundation",
        "declKind": "Import",
        "moduleName": "GrowthSDKiOS",
        "declAttributes": [
          "RawDocComment"
        ]
      },
      {
        "kind": "TypeDecl",
        "name": "GrowthSDKConfig",
        "printedName": "GrowthSDKConfig",
        "children": [
          {
            "kind": "Constructor",
            "name": "init",
            "printedName": "init()",
            "children": [
              {
                "kind": "TypeNominal",
                "name": "GrowthSDKConfig",
                "printedName": "GrowthSDKiOS.GrowthSDKConfig",
                "usr": "c:@M@GrowthSDKiOS@objc(cs)GrowthSDKConfig"
              }
            ],
            "declKind": "Constructor",
            "usr": "c:@M@GrowthSDKiOS@objc(cs)GrowthSDKConfig(im)init",
            "mangledName": "$s12GrowthSDKiOS0A9SDKConfigCACycfc",
            "moduleName": "GrowthSDKiOS",
            "overriding": true,
            "implicit": true,
            "objc_name": "init",
            "declAttributes": [
              "Dynamic",
              "ObjC",
              "Override"
            ],
            "init_kind": "Designated"
          }
        ],
        "declKind": "Class",
        "usr": "c:@M@GrowthSDKiOS@objc(cs)GrowthSDKConfig",
        "mangledName": "$s12GrowthSDKiOS0A9SDKConfigC",
        "moduleName": "GrowthSDKiOS",
        "declAttributes": [
          "AccessControl",
          "ObjC"
        ],
        "superclassUsr": "c:objc(cs)NSObject",
        "hasMissingDesignatedInitializers": true,
        "superclassNames": [
          "ObjectiveC.NSObject"
        ],
        "conformances": [
          {
            "kind": "Conformance",
            "name": "Equatable",
            "printedName": "Equatable",
            "usr": "s:SQ",
            "mangledName": "$sSQ"
          },
          {
            "kind": "Conformance",
            "name": "Hashable",
            "printedName": "Hashable",
            "usr": "s:SH",
            "mangledName": "$sSH"
          },
          {
            "kind": "Conformance",
            "name": "CVarArg",
            "printedName": "CVarArg",
            "usr": "s:s7CVarArgP",
            "mangledName": "$ss7CVarArgP"
          },
          {
            "kind": "Conformance",
            "name": "_KeyValueCodingAndObservingPublishing",
            "printedName": "_KeyValueCodingAndObservingPublishing",
            "usr": "s:10Foundation37_KeyValueCodingAndObservingPublishingP",
            "mangledName": "$s10Foundation37_KeyValueCodingAndObservingPublishingP"
          },
          {
            "kind": "Conformance",
            "name": "_KeyValueCodingAndObserving",
            "printedName": "_KeyValueCodingAndObserving",
            "usr": "s:10Foundation27_KeyValueCodingAndObservingP",
            "mangledName": "$s10Foundation27_KeyValueCodingAndObservingP"
          },
          {
            "kind": "Conformance",
            "name": "CustomStringConvertible",
            "printedName": "CustomStringConvertible",
            "usr": "s:s23CustomStringConvertibleP",
            "mangledName": "$ss23CustomStringConvertibleP"
          },
          {
            "kind": "Conformance",
            "name": "CustomDebugStringConvertible",
            "printedName": "CustomDebugStringConvertible",
            "usr": "s:s28CustomDebugStringConvertibleP",
            "mangledName": "$ss28CustomDebugStringConvertibleP"
          }
        ]
      },
      {
        "kind": "TypeDecl",
        "name": "GrowthUserGender",
        "printedName": "GrowthUserGender",
        "children": [
          {
            "kind": "Var",
            "name": "male",
            "printedName": "male",
            "children": [
              {
                "kind": "TypeFunc",
                "name": "Function",
                "printedName": "(GrowthSDKiOS.GrowthUserGender.Type) -> GrowthSDKiOS.GrowthUserGender",
                "children": [
                  {
                    "kind": "TypeNominal",
                    "name": "GrowthUserGender",
                    "printedName": "GrowthSDKiOS.GrowthUserGender",
                    "usr": "c:@M@GrowthSDKiOS@E@GrowthUserGender"
                  },
                  {
                    "kind": "TypeNominal",
                    "name": "Metatype",
                    "printedName": "GrowthSDKiOS.GrowthUserGender.Type",
                    "children": [
                      {
                        "kind": "TypeNominal",
                        "name": "GrowthUserGender",
                        "printedName": "GrowthSDKiOS.GrowthUserGender",
                        "usr": "c:@M@GrowthSDKiOS@E@GrowthUserGender"
                      }
                    ]
                  }
                ]
              }
            ],
            "declKind": "EnumElement",
            "usr": "c:@M@GrowthSDKiOS@E@GrowthUserGender@GrowthUserGenderMale",
            "mangledName": "$s12GrowthSDKiOS0A10UserGenderO4maleyA2CmF",
            "moduleName": "GrowthSDKiOS",
            "declAttributes": [
              "RawDocComment",
              "ObjC"
            ],
            "fixedbinaryorder": 0
          },
          {
            "kind": "Var",
            "name": "female",
            "printedName": "female",
            "children": [
              {
                "kind": "TypeFunc",
                "name": "Function",
                "printedName": "(GrowthSDKiOS.GrowthUserGender.Type) -> GrowthSDKiOS.GrowthUserGender",
                "children": [
                  {
                    "kind": "TypeNominal",
                    "name": "GrowthUserGender",
                    "printedName": "GrowthSDKiOS.GrowthUserGender",
                    "usr": "c:@M@GrowthSDKiOS@E@GrowthUserGender"
                  },
                  {
                    "kind": "TypeNominal",
                    "name": "Metatype",
                    "printedName": "GrowthSDKiOS.GrowthUserGender.Type",
                    "children": [
                      {
                        "kind": "TypeNominal",
                        "name": "GrowthUserGender",
                        "printedName": "GrowthSDKiOS.GrowthUserGender",
                        "usr": "c:@M@GrowthSDKiOS@E@GrowthUserGender"
                      }
                    ]
                  }
                ]
              }
            ],
            "declKind": "EnumElement",
            "usr": "c:@M@GrowthSDKiOS@E@GrowthUserGender@GrowthUserGenderFemale",
            "mangledName": "$s12GrowthSDKiOS0A10UserGenderO6femaleyA2CmF",
            "moduleName": "GrowthSDKiOS",
            "declAttributes": [
              "RawDocComment",
              "ObjC"
            ],
            "fixedbinaryorder": 1
          },
          {
            "kind": "Var",
            "name": "others",
            "printedName": "others",
            "children": [
              {
                "kind": "TypeFunc",
                "name": "Function",
                "printedName": "(GrowthSDKiOS.GrowthUserGender.Type) -> GrowthSDKiOS.GrowthUserGender",
                "children": [
                  {
                    "kind": "TypeNominal",
                    "name": "GrowthUserGender",
                    "printedName": "GrowthSDKiOS.GrowthUserGender",
                    "usr": "c:@M@GrowthSDKiOS@E@GrowthUserGender"
                  },
                  {
                    "kind": "TypeNominal",
                    "name": "Metatype",
                    "printedName": "GrowthSDKiOS.GrowthUserGender.Type",
                    "children": [
                      {
                        "kind": "TypeNominal",
                        "name": "GrowthUserGender",
                        "printedName": "GrowthSDKiOS.GrowthUserGender",
                        "usr": "c:@M@GrowthSDKiOS@E@GrowthUserGender"
                      }
                    ]
                  }
                ]
              }
            ],
            "declKind": "EnumElement",
            "usr": "c:@M@GrowthSDKiOS@E@GrowthUserGender@GrowthUserGenderOthers",
            "mangledName": "$s12GrowthSDKiOS0A10UserGenderO6othersyA2CmF",
            "moduleName": "GrowthSDKiOS",
            "declAttributes": [
              "RawDocComment",
              "ObjC"
            ],
            "fixedbinaryorder": 2
          },
          {
            "kind": "Constructor",
            "name": "init",
            "printedName": "init(rawValue:)",
            "children": [
              {
                "kind": "TypeNominal",
                "name": "Optional",
                "printedName": "GrowthSDKiOS.GrowthUserGender?",
                "children": [
                  {
                    "kind": "TypeNominal",
                    "name": "GrowthUserGender",
                    "printedName": "GrowthSDKiOS.GrowthUserGender",
                    "usr": "c:@M@GrowthSDKiOS@E@GrowthUserGender"
                  }
                ],
                "usr": "s:Sq"
              },
              {
                "kind": "TypeNominal",
                "name": "Int",
                "printedName": "Swift.Int",
                "usr": "s:Si"
              }
            ],
            "declKind": "Constructor",
            "usr": "s:12GrowthSDKiOS0A10UserGenderO8rawValueACSgSi_tcfc",
            "mangledName": "$s12GrowthSDKiOS0A10UserGenderO8rawValueACSgSi_tcfc",
            "moduleName": "GrowthSDKiOS",
            "implicit": true,
            "init_kind": "Designated"
          },
          {
            "kind": "Var",
            "name": "rawValue",
            "printedName": "rawValue",
            "children": [
              {
                "kind": "TypeNominal",
                "name": "Int",
                "printedName": "Swift.Int",
                "usr": "s:Si"
              }
            ],
            "declKind": "Var",
            "usr": "s:12GrowthSDKiOS0A10UserGenderO8rawValueSivp",
            "mangledName": "$s12GrowthSDKiOS0A10UserGenderO8rawValueSivp",
            "moduleName": "GrowthSDKiOS",
            "implicit": true,
            "accessors": [
              {
                "kind": "Accessor",
                "name": "Get",
                "printedName": "Get()",
                "children": [
                  {
                    "kind": "TypeNominal",
                    "name": "Int",
                    "printedName": "Swift.Int",
                    "usr": "s:Si"
                  }
                ],
                "declKind": "Accessor",
                "usr": "s:12GrowthSDKiOS0A10UserGenderO8rawValueSivg",
                "mangledName": "$s12GrowthSDKiOS0A10UserGenderO8rawValueSivg",
                "moduleName": "GrowthSDKiOS",
                "implicit": true,
                "accessorKind": "get"
              }
            ]
          }
        ],
        "declKind": "Enum",
        "usr": "c:@M@GrowthSDKiOS@E@GrowthUserGender",
        "mangledName": "$s12GrowthSDKiOS0A10UserGenderO",
        "moduleName": "GrowthSDKiOS",
        "declAttributes": [
          "AccessControl",
          "ObjC"
        ],
        "enumRawTypeName": "Int",
        "conformances": [
          {
            "kind": "Conformance",
            "name": "Equatable",
            "printedName": "Equatable",
            "usr": "s:SQ",
            "mangledName": "$sSQ"
          },
          {
            "kind": "Conformance",
            "name": "Hashable",
            "printedName": "Hashable",
            "usr": "s:SH",
            "mangledName": "$sSH"
          },
          {
            "kind": "Conformance",
            "name": "RawRepresentable",
            "printedName": "RawRepresentable",
            "children": [
              {
                "kind": "TypeWitness",
                "name": "RawValue",
                "printedName": "RawValue",
                "children": [
                  {
                    "kind": "TypeNominal",
                    "name": "Int",
                    "printedName": "Swift.Int",
                    "usr": "s:Si"
                  }
                ]
              }
            ],
            "usr": "s:SY",
            "mangledName": "$sSY"
          }
        ]
      },
      {
        "kind": "Import",
        "name": "Foundation",
        "printedName": "Foundation",
        "declKind": "Import",
        "moduleName": "GrowthSDKiOS",
        "declAttributes": [
          "RawDocComment"
        ]
      },
      {
        "kind": "Import",
        "name": "UserNotifications",
        "printedName": "UserNotifications",
        "declKind": "Import",
        "moduleName": "GrowthSDKiOS"
      },
      {
        "kind": "Var",
        "name": "GrowthInstance",
        "printedName": "GrowthInstance",
        "children": [
          {
            "kind": "TypeNominal",
            "name": "Growth",
            "printedName": "GrowthSDKiOS.Growth",
            "usr": "c:@M@GrowthSDKiOS@objc(cs)Growth"
          }
        ],
        "declKind": "Var",
        "usr": "s:12GrowthSDKiOS0A8InstanceAA0A0Cvp",
        "mangledName": "$s12GrowthSDKiOS0A8InstanceAA0A0Cvp",
        "moduleName": "GrowthSDKiOS",
        "declAttributes": [
          "HasInitialValue",
          "HasStorage",
          "AccessControl"
        ],
        "isLet": true,
        "hasStorage": true,
        "accessors": [
          {
            "kind": "Accessor",
            "name": "Get",
            "printedName": "Get()",
            "children": [
              {
                "kind": "TypeNominal",
                "name": "Growth",
                "printedName": "GrowthSDKiOS.Growth",
                "usr": "c:@M@GrowthSDKiOS@objc(cs)Growth"
              }
            ],
            "declKind": "Accessor",
            "usr": "s:12GrowthSDKiOS0A8InstanceAA0A0Cvg",
            "mangledName": "$s12GrowthSDKiOS0A8InstanceAA0A0Cvg",
            "moduleName": "GrowthSDKiOS",
            "implicit": true,
            "accessorKind": "get"
          }
        ]
      },
      {
        "kind": "TypeDecl",
        "name": "Growth",
        "printedName": "Growth",
        "children": [
          {
            "kind": "Var",
            "name": "sharedInstance",
            "printedName": "sharedInstance",
            "children": [
              {
                "kind": "TypeNominal",
                "name": "Growth",
                "printedName": "GrowthSDKiOS.Growth",
                "usr": "c:@M@GrowthSDKiOS@objc(cs)Growth"
              }
            ],
            "declKind": "Var",
            "usr": "s:12GrowthSDKiOS0A0C14sharedInstanceACvpZ",
            "mangledName": "$s12GrowthSDKiOS0A0C14sharedInstanceACvpZ",
            "moduleName": "GrowthSDKiOS",
            "static": true,
            "declAttributes": [
              "HasInitialValue",
              "Final",
              "HasStorage",
              "AccessControl"
            ],
            "isLet": true,
            "hasStorage": true,
            "accessors": [
              {
                "kind": "Accessor",
                "name": "Get",
                "printedName": "Get()",
                "children": [
                  {
                    "kind": "TypeNominal",
                    "name": "Growth",
                    "printedName": "GrowthSDKiOS.Growth",
                    "usr": "c:@M@GrowthSDKiOS@objc(cs)Growth"
                  }
                ],
                "declKind": "Accessor",
                "usr": "s:12GrowthSDKiOS0A0C14sharedInstanceACvgZ",
                "mangledName": "$s12GrowthSDKiOS0A0C14sharedInstanceACvgZ",
                "moduleName": "GrowthSDKiOS",
                "static": true,
                "implicit": true,
                "declAttributes": [
                  "Final"
                ],
                "accessorKind": "get"
              }
            ]
          },
          {
            "kind": "Function",
            "name": "initializeInstance",
            "printedName": "initializeInstance(_:)",
            "children": [
              {
                "kind": "TypeNominal",
                "name": "Void",
                "printedName": "()"
              },
              {
                "kind": "TypeNominal",
                "name": "GrowthSDKConfig",
                "printedName": "GrowthSDKiOS.GrowthSDKConfig",
                "usr": "c:@M@GrowthSDKiOS@objc(cs)GrowthSDKConfig"
              }
            ],
            "declKind": "Func",
            "usr": "c:@M@GrowthSDKiOS@objc(cs)Growth(im)initializeInstance:",
            "mangledName": "$s12GrowthSDKiOS0A0C18initializeInstanceyyAA0A9SDKConfigCF",
            "moduleName": "GrowthSDKiOS",
            "declAttributes": [
              "AccessControl",
              "ObjC",
              "RawDocComment"
            ],
            "funcSelfKind": "NonMutating"
          },
          {
            "kind": "Function",
            "name": "setUserAttribute",
            "printedName": "setUserAttribute(_:withAttributeName:)",
            "children": [
              {
                "kind": "TypeNominal",
                "name": "Void",
                "printedName": "()"
              },
              {
                "kind": "TypeNominal",
                "name": "Optional",
                "printedName": "Any?",
                "children": [
                  {
                    "kind": "TypeNominal",
                    "name": "ProtocolComposition",
                    "printedName": "Any"
                  }
                ],
                "usr": "s:Sq"
              },
              {
                "kind": "TypeNominal",
                "name": "String",
                "printedName": "Swift.String",
                "usr": "s:SS"
              }
            ],
            "declKind": "Func",
            "usr": "c:@M@GrowthSDKiOS@objc(cs)Growth(im)setUserAttribute:withAttributeName:",
            "mangledName": "$s12GrowthSDKiOS0A0C16setUserAttribute_04withF4NameyypSg_SStF",
            "moduleName": "GrowthSDKiOS",
            "declAttributes": [
              "AccessControl",
              "ObjC",
              "RawDocComment"
            ],
            "funcSelfKind": "NonMutating"
          },
          {
            "kind": "Function",
            "name": "setPushToken",
            "printedName": "setPushToken(token:)",
            "children": [
              {
                "kind": "TypeNominal",
                "name": "Void",
                "printedName": "()"
              },
              {
                "kind": "TypeNominal",
                "name": "String",
                "printedName": "Swift.String",
                "usr": "s:SS"
              }
            ],
            "declKind": "Func",
            "usr": "c:@M@GrowthSDKiOS@objc(cs)Growth(im)setPushTokenWithToken:",
            "mangledName": "$s12GrowthSDKiOS0A0C12setPushToken5tokenySS_tF",
            "moduleName": "GrowthSDKiOS",
            "objc_name": "setPushTokenWithToken:",
            "declAttributes": [
              "AccessControl",
              "ObjC",
              "RawDocComment"
            ],
            "funcSelfKind": "NonMutating"
          },
          {
            "kind": "Function",
            "name": "didFailToRegisterForPush",
            "printedName": "didFailToRegisterForPush()",
            "children": [
              {
                "kind": "TypeNominal",
                "name": "Void",
                "printedName": "()"
              }
            ],
            "declKind": "Func",
            "usr": "c:@M@GrowthSDKiOS@objc(cs)Growth(im)didFailToRegisterForPush",
            "mangledName": "$s12GrowthSDKiOS0A0C24didFailToRegisterForPushyyF",
            "moduleName": "GrowthSDKiOS",
            "declAttributes": [
              "AccessControl",
              "ObjC",
              "RawDocComment"
            ],
            "funcSelfKind": "NonMutating"
          },
          {
            "kind": "Function",
            "name": "userNotificationCenter",
            "printedName": "userNotificationCenter(_:didReceive:)",
            "children": [
              {
                "kind": "TypeNominal",
                "name": "Void",
                "printedName": "()"
              },
              {
                "kind": "TypeNominal",
                "name": "UNUserNotificationCenter",
                "printedName": "UserNotifications.UNUserNotificationCenter",
                "usr": "c:objc(cs)UNUserNotificationCenter"
              },
              {
                "kind": "TypeNominal",
                "name": "UNNotificationResponse",
                "printedName": "UserNotifications.UNNotificationResponse",
                "usr": "c:objc(cs)UNNotificationResponse"
              }
            ],
            "declKind": "Func",
            "usr": "c:@M@GrowthSDKiOS@objc(cs)Growth(im)userNotificationCenter:didReceive:",
            "mangledName": "$s12GrowthSDKiOS0A0C22userNotificationCenter_10didReceiveySo06UNUsereF0C_So22UNNotificationResponseCtF",
            "moduleName": "GrowthSDKiOS",
            "declAttributes": [
              "AccessControl",
              "ObjC",
              "RawDocComment"
            ],
            "funcSelfKind": "NonMutating"
          },
          {
            "kind": "Function",
            "name": "setUniqueID",
            "printedName": "setUniqueID(_:)",
            "children": [
              {
                "kind": "TypeNominal",
                "name": "Void",
                "printedName": "()"
              },
              {
                "kind": "TypeNominal",
                "name": "String",
                "printedName": "Swift.String",
                "usr": "s:SS"
              }
            ],
            "declKind": "Func",
            "usr": "c:@M@GrowthSDKiOS@objc(cs)Growth(im)setUniqueID:",
            "mangledName": "$s12GrowthSDKiOS0A0C11setUniqueIDyySSF",
            "moduleName": "GrowthSDKiOS",
            "declAttributes": [
              "AccessControl",
              "ObjC",
              "RawDocComment"
            ],
            "funcSelfKind": "NonMutating"
          },
          {
            "kind": "Function",
            "name": "setEmailID",
            "printedName": "setEmailID(_:)",
            "children": [
              {
                "kind": "TypeNominal",
                "name": "Void",
                "printedName": "()"
              },
              {
                "kind": "TypeNominal",
                "name": "String",
                "printedName": "Swift.String",
                "usr": "s:SS"
              }
            ],
            "declKind": "Func",
            "usr": "c:@M@GrowthSDKiOS@objc(cs)Growth(im)setEmailID:",
            "mangledName": "$s12GrowthSDKiOS0A0C10setEmailIDyySSF",
            "moduleName": "GrowthSDKiOS",
            "declAttributes": [
              "AccessControl",
              "ObjC",
              "RawDocComment"
            ],
            "funcSelfKind": "NonMutating"
          },
          {
            "kind": "Function",
            "name": "setName",
            "printedName": "setName(_:)",
            "children": [
              {
                "kind": "TypeNominal",
                "name": "Void",
                "printedName": "()"
              },
              {
                "kind": "TypeNominal",
                "name": "String",
                "printedName": "Swift.String",
                "usr": "s:SS"
              }
            ],
            "declKind": "Func",
            "usr": "c:@M@GrowthSDKiOS@objc(cs)Growth(im)setName:",
            "mangledName": "$s12GrowthSDKiOS0A0C7setNameyySSF",
            "moduleName": "GrowthSDKiOS",
            "declAttributes": [
              "AccessControl",
              "ObjC",
              "RawDocComment"
            ],
            "funcSelfKind": "NonMutating"
          },
          {
            "kind": "Function",
            "name": "setFirstName",
            "printedName": "setFirstName(_:)",
            "children": [
              {
                "kind": "TypeNominal",
                "name": "Void",
                "printedName": "()"
              },
              {
                "kind": "TypeNominal",
                "name": "String",
                "printedName": "Swift.String",
                "usr": "s:SS"
              }
            ],
            "declKind": "Func",
            "usr": "c:@M@GrowthSDKiOS@objc(cs)Growth(im)setFirstName:",
            "mangledName": "$s12GrowthSDKiOS0A0C12setFirstNameyySSF",
            "moduleName": "GrowthSDKiOS",
            "declAttributes": [
              "AccessControl",
              "ObjC",
              "RawDocComment"
            ],
            "funcSelfKind": "NonMutating"
          },
          {
            "kind": "Function",
            "name": "setLastName",
            "printedName": "setLastName(_:)",
            "children": [
              {
                "kind": "TypeNominal",
                "name": "Void",
                "printedName": "()"
              },
              {
                "kind": "TypeNominal",
                "name": "String",
                "printedName": "Swift.String",
                "usr": "s:SS"
              }
            ],
            "declKind": "Func",
            "usr": "c:@M@GrowthSDKiOS@objc(cs)Growth(im)setLastName:",
            "mangledName": "$s12GrowthSDKiOS0A0C11setLastNameyySSF",
            "moduleName": "GrowthSDKiOS",
            "declAttributes": [
              "AccessControl",
              "ObjC",
              "RawDocComment"
            ],
            "funcSelfKind": "NonMutating"
          },
          {
            "kind": "Function",
            "name": "setMobileNumber",
            "printedName": "setMobileNumber(_:)",
            "children": [
              {
                "kind": "TypeNominal",
                "name": "Void",
                "printedName": "()"
              },
              {
                "kind": "TypeNominal",
                "name": "String",
                "printedName": "Swift.String",
                "usr": "s:SS"
              }
            ],
            "declKind": "Func",
            "usr": "c:@M@GrowthSDKiOS@objc(cs)Growth(im)setMobileNumber:",
            "mangledName": "$s12GrowthSDKiOS0A0C15setMobileNumberyySSF",
            "moduleName": "GrowthSDKiOS",
            "declAttributes": [
              "AccessControl",
              "ObjC",
              "RawDocComment"
            ],
            "funcSelfKind": "NonMutating"
          },
          {
            "kind": "Function",
            "name": "setGender",
            "printedName": "setGender(_:)",
            "children": [
              {
                "kind": "TypeNominal",
                "name": "Void",
                "printedName": "()"
              },
              {
                "kind": "TypeNominal",
                "name": "GrowthUserGender",
                "printedName": "GrowthSDKiOS.GrowthUserGender",
                "usr": "c:@M@GrowthSDKiOS@E@GrowthUserGender"
              }
            ],
            "declKind": "Func",
            "usr": "c:@M@GrowthSDKiOS@objc(cs)Growth(im)setGender:",
            "mangledName": "$s12GrowthSDKiOS0A0C9setGenderyyAA0a4UserE0OF",
            "moduleName": "GrowthSDKiOS",
            "declAttributes": [
              "AccessControl",
              "ObjC",
              "RawDocComment"
            ],
            "funcSelfKind": "NonMutating"
          },
          {
            "kind": "Function",
            "name": "setDateOfBirth",
            "printedName": "setDateOfBirth(_:)",
            "children": [
              {
                "kind": "TypeNominal",
                "name": "Void",
                "printedName": "()"
              },
              {
                "kind": "TypeNominal",
                "name": "Date",
                "printedName": "Foundation.Date",
                "usr": "s:10Foundation4DateV"
              }
            ],
            "declKind": "Func",
            "usr": "c:@M@GrowthSDKiOS@objc(cs)Growth(im)setDateOfBirth:",
            "mangledName": "$s12GrowthSDKiOS0A0C14setDateOfBirthyy10Foundation0E0VF",
            "moduleName": "GrowthSDKiOS",
            "declAttributes": [
              "AccessControl",
              "ObjC",
              "RawDocComment"
            ],
            "funcSelfKind": "NonMutating"
          }
        ],
        "declKind": "Class",
        "usr": "c:@M@GrowthSDKiOS@objc(cs)Growth",
        "mangledName": "$s12GrowthSDKiOS0A0C",
        "moduleName": "GrowthSDKiOS",
        "declAttributes": [
          "AccessControl",
          "ObjC"
        ],
        "superclassUsr": "c:objc(cs)NSObject",
        "hasMissingDesignatedInitializers": true,
        "inheritsConvenienceInitializers": true,
        "superclassNames": [
          "ObjectiveC.NSObject"
        ],
        "conformances": [
          {
            "kind": "Conformance",
            "name": "Equatable",
            "printedName": "Equatable",
            "usr": "s:SQ",
            "mangledName": "$sSQ"
          },
          {
            "kind": "Conformance",
            "name": "Hashable",
            "printedName": "Hashable",
            "usr": "s:SH",
            "mangledName": "$sSH"
          },
          {
            "kind": "Conformance",
            "name": "CVarArg",
            "printedName": "CVarArg",
            "usr": "s:s7CVarArgP",
            "mangledName": "$ss7CVarArgP"
          },
          {
            "kind": "Conformance",
            "name": "_KeyValueCodingAndObservingPublishing",
            "printedName": "_KeyValueCodingAndObservingPublishing",
            "usr": "s:10Foundation37_KeyValueCodingAndObservingPublishingP",
            "mangledName": "$s10Foundation37_KeyValueCodingAndObservingPublishingP"
          },
          {
            "kind": "Conformance",
            "name": "_KeyValueCodingAndObserving",
            "printedName": "_KeyValueCodingAndObserving",
            "usr": "s:10Foundation27_KeyValueCodingAndObservingP",
            "mangledName": "$s10Foundation27_KeyValueCodingAndObservingP"
          },
          {
            "kind": "Conformance",
            "name": "CustomStringConvertible",
            "printedName": "CustomStringConvertible",
            "usr": "s:s23CustomStringConvertibleP",
            "mangledName": "$ss23CustomStringConvertibleP"
          },
          {
            "kind": "Conformance",
            "name": "CustomDebugStringConvertible",
            "printedName": "CustomDebugStringConvertible",
            "usr": "s:s28CustomDebugStringConvertibleP",
            "mangledName": "$ss28CustomDebugStringConvertibleP"
          }
        ]
      },
      {
        "kind": "Import",
        "name": "Foundation",
        "printedName": "Foundation",
        "declKind": "Import",
        "moduleName": "GrowthSDKiOS",
        "declAttributes": [
          "RawDocComment"
        ]
      },
      {
        "kind": "Import",
        "name": "Security",
        "printedName": "Security",
        "declKind": "Import",
        "moduleName": "GrowthSDKiOS"
      },
      {
        "kind": "Import",
        "name": "UIKit",
        "printedName": "UIKit",
        "declKind": "Import",
        "moduleName": "GrowthSDKiOS"
      },
      {
        "kind": "Import",
        "name": "Foundation",
        "printedName": "Foundation",
        "declKind": "Import",
        "moduleName": "GrowthSDKiOS",
        "declAttributes": [
          "RawDocComment"
        ]
      },
      {
        "kind": "Import",
        "name": "Foundation",
        "printedName": "Foundation",
        "declKind": "Import",
        "moduleName": "GrowthSDKiOS",
        "declAttributes": [
          "RawDocComment"
        ]
      },
      {
        "kind": "Import",
        "name": "UIKit",
        "printedName": "UIKit",
        "declKind": "Import",
        "moduleName": "GrowthSDKiOS"
      }
    ],
    "json_format_version": 8
  },
  "ConstValues": [
    {
      "filePath": "\/Users\/b0276971\/Documents\/GitHub\/growth-sdk-ios\/Growth SDK iOS\/Growth SDK iOS\/GrowthSDKConfig.swift",
      "kind": "StringLiteral",
      "offset": 132,
      "length": 15,
      "value": "\"GrowthSDKiOS.GrowthSDKConfig\""
    },
    {
      "filePath": "\/Users\/b0276971\/Documents\/GitHub\/growth-sdk-ios\/Growth SDK iOS\/Growth SDK iOS\/GrowthSDKConfig.swift",
      "kind": "IntegerLiteral",
      "offset": 338,
      "length": 1,
      "value": "0"
    },
    {
      "filePath": "\/Users\/b0276971\/Documents\/GitHub\/growth-sdk-ios\/Growth SDK iOS\/Growth SDK iOS\/GrowthSDKConfig.swift",
      "kind": "IntegerLiteral",
      "offset": 381,
      "length": 6,
      "value": "1"
    },
    {
      "filePath": "\/Users\/b0276971\/Documents\/GitHub\/growth-sdk-ios\/Growth SDK iOS\/Growth SDK iOS\/GrowthSDKConfig.swift",
      "kind": "IntegerLiteral",
      "offset": 429,
      "length": 6,
      "value": "2"
    },
    {
      "filePath": "\/Users\/b0276971\/Documents\/GitHub\/growth-sdk-ios\/Growth SDK iOS\/Growth SDK iOS\/GrowthSDKConfig.swift",
      "kind": "IntegerLiteral",
      "offset": 338,
      "length": 1,
      "value": "0"
    },
    {
      "filePath": "\/Users\/b0276971\/Documents\/GitHub\/growth-sdk-ios\/Growth SDK iOS\/Growth SDK iOS\/GrowthSDKConfig.swift",
      "kind": "IntegerLiteral",
      "offset": 381,
      "length": 6,
      "value": "1"
    },
    {
      "filePath": "\/Users\/b0276971\/Documents\/GitHub\/growth-sdk-ios\/Growth SDK iOS\/Growth SDK iOS\/GrowthSDKConfig.swift",
      "kind": "IntegerLiteral",
      "offset": 429,
      "length": 6,
      "value": "2"
    },
    {
      "filePath": "\/Users\/b0276971\/Documents\/GitHub\/growth-sdk-ios\/Growth SDK iOS\/Growth SDK iOS\/Helpers\/KeyChainHelper.swift",
      "kind": "IntegerLiteral",
      "offset": 1487,
      "length": 1,
      "value": "1"
    },
    {
      "filePath": "\/Users\/b0276971\/Documents\/GitHub\/growth-sdk-ios\/Growth SDK iOS\/Growth SDK iOS\/Network\/GrowthHeadersHelper.swift",
      "kind": "StringLiteral",
      "offset": 199,
      "length": 7,
      "value": "\"appId\""
    },
    {
      "filePath": "\/Users\/b0276971\/Documents\/GitHub\/growth-sdk-ios\/Growth SDK iOS\/Growth SDK iOS\/Network\/GrowthHeadersHelper.swift",
      "kind": "StringLiteral",
      "offset": 232,
      "length": 5,
      "value": "\"uid\""
    },
    {
      "filePath": "\/Users\/b0276971\/Documents\/GitHub\/growth-sdk-ios\/Growth SDK iOS\/Growth SDK iOS\/Network\/GrowthHeadersHelper.swift",
      "kind": "StringLiteral",
      "offset": 267,
      "length": 10,
      "value": "\"deviceId\""
    },
    {
      "filePath": "\/Users\/b0276971\/Documents\/GitHub\/growth-sdk-ios\/Growth SDK iOS\/Growth SDK iOS\/Network\/GrowthHeadersHelper.swift",
      "kind": "StringLiteral",
      "offset": 309,
      "length": 12,
      "value": "\"appVersion\""
    },
    {
      "filePath": "\/Users\/b0276971\/Documents\/GitHub\/growth-sdk-ios\/Growth SDK iOS\/Growth SDK iOS\/Network\/GrowthHeadersHelper.swift",
      "kind": "StringLiteral",
      "offset": 376,
      "length": 7,
      "value": "\"token\""
    },
    {
      "filePath": "\/Users\/b0276971\/Documents\/GitHub\/growth-sdk-ios\/Growth SDK iOS\/Growth SDK iOS\/Network\/GrowthHeadersHelper.swift",
      "kind": "StringLiteral",
      "offset": 414,
      "length": 10,
      "value": "\"deviceTz\""
    },
    {
      "filePath": "\/Users\/b0276971\/Documents\/GitHub\/growth-sdk-ios\/Growth SDK iOS\/Growth SDK iOS\/Network\/GrowthHeadersHelper.swift",
      "kind": "StringLiteral",
      "offset": 449,
      "length": 4,
      "value": "\"os\""
    },
    {
      "filePath": "\/Users\/b0276971\/Documents\/GitHub\/growth-sdk-ios\/Growth SDK iOS\/Growth SDK iOS\/Network\/GrowthHeadersHelper.swift",
      "kind": "StringLiteral",
      "offset": 484,
      "length": 11,
      "value": "\"osVersion\""
    },
    {
      "filePath": "\/Users\/b0276971\/Documents\/GitHub\/growth-sdk-ios\/Growth SDK iOS\/Growth SDK iOS\/Network\/GrowthHeadersHelper.swift",
      "kind": "StringLiteral",
      "offset": 526,
      "length": 11,
      "value": "\"modelName\""
    },
    {
      "filePath": "\/Users\/b0276971\/Documents\/GitHub\/growth-sdk-ios\/Growth SDK iOS\/Growth SDK iOS\/Network\/GrowthHeadersHelper.swift",
      "kind": "StringLiteral",
      "offset": 564,
      "length": 7,
      "value": "\"model\""
    },
    {
      "filePath": "\/Users\/b0276971\/Documents\/GitHub\/growth-sdk-ios\/Growth SDK iOS\/Growth SDK iOS\/Network\/GrowthHeadersHelper.swift",
      "kind": "StringLiteral",
      "offset": 607,
      "length": 16,
      "value": "\"deviceTzOffset\""
    },
    {
      "filePath": "\/Users\/b0276971\/Documents\/GitHub\/growth-sdk-ios\/Growth SDK iOS\/Growth SDK iOS\/Network\/GrowthHeadersHelper.swift",
      "kind": "StringLiteral",
      "offset": 655,
      "length": 11,
      "value": "\"heartbeat\""
    },
    {
      "filePath": "\/Users\/b0276971\/Documents\/GitHub\/growth-sdk-ios\/Growth SDK iOS\/Growth SDK iOS\/Network\/GrowthHeadersHelper.swift",
      "kind": "StringLiteral",
      "offset": 722,
      "length": 12,
      "value": "\"sdkVersion\""
    },
    {
      "filePath": "\/Users\/b0276971\/Documents\/GitHub\/growth-sdk-ios\/Growth SDK iOS\/Growth SDK iOS\/Network\/GrowthHeadersHelper.swift",
      "kind": "StringLiteral",
      "offset": 767,
      "length": 13,
      "value": "\"sdkDeviceId\""
    },
    {
      "filePath": "\/Users\/b0276971\/Documents\/GitHub\/growth-sdk-ios\/Growth SDK iOS\/Growth SDK iOS\/Network\/GrowthHeadersHelper.swift",
      "kind": "StringLiteral",
      "offset": 846,
      "length": 14,
      "value": "\"x-bsy-app-id\""
    },
    {
      "filePath": "\/Users\/b0276971\/Documents\/GitHub\/growth-sdk-ios\/Growth SDK iOS\/Growth SDK iOS\/Network\/GrowthHeadersHelper.swift",
      "kind": "StringLiteral",
      "offset": 897,
      "length": 14,
      "value": "\"x-bsy-bundle\""
    },
    {
      "filePath": "\/Users\/b0276971\/Documents\/GitHub\/growth-sdk-ios\/Growth SDK iOS\/Growth SDK iOS\/Network\/GrowthHeadersHelper.swift",
      "kind": "StringLiteral",
      "offset": 948,
      "length": 11,
      "value": "\"x-bsy-app\""
    },
    {
      "filePath": "\/Users\/b0276971\/Documents\/GitHub\/growth-sdk-ios\/Growth SDK iOS\/Growth SDK iOS\/Network\/GrowthHeadersHelper.swift",
      "kind": "StringLiteral",
      "offset": 988,
      "length": 11,
      "value": "\"x-bsy-cid\""
    },
    {
      "filePath": "\/Users\/b0276971\/Documents\/GitHub\/growth-sdk-ios\/Growth SDK iOS\/Growth SDK iOS\/Network\/GrowthHeadersHelper.swift",
      "kind": "StringLiteral",
      "offset": 1028,
      "length": 11,
      "value": "\"x-bsy-did\""
    },
    {
      "filePath": "\/Users\/b0276971\/Documents\/GitHub\/growth-sdk-ios\/Growth SDK iOS\/Growth SDK iOS\/Network\/GrowthHeadersHelper.swift",
      "kind": "StringLiteral",
      "offset": 1068,
      "length": 11,
      "value": "\"x-bsy-net\""
    },
    {
      "filePath": "\/Users\/b0276971\/Documents\/GitHub\/growth-sdk-ios\/Growth SDK iOS\/Growth SDK iOS\/Network\/GrowthHeadersHelper.swift",
      "kind": "StringLiteral",
      "offset": 2744,
      "length": 10,
      "value": "\"iPhone 8\""
    },
    {
      "filePath": "\/Users\/b0276971\/Documents\/GitHub\/growth-sdk-ios\/Growth SDK iOS\/Growth SDK iOS\/Network\/GrowthHeadersHelper.swift",
      "kind": "StringLiteral",
      "offset": 2822,
      "length": 8,
      "value": "\"iPhone\""
    },
    {
      "filePath": "\/Users\/b0276971\/Documents\/GitHub\/growth-sdk-ios\/Growth SDK iOS\/Growth SDK iOS\/Network\/GrowthHeadersHelper.swift",
      "kind": "StringLiteral",
      "offset": 2891,
      "length": 5,
      "value": "\"iOS\""
    },
    {
      "filePath": "\/Users\/b0276971\/Documents\/GitHub\/growth-sdk-ios\/Growth SDK iOS\/Growth SDK iOS\/Network\/GrowthHeadersHelper.swift",
      "kind": "StringLiteral",
      "offset": 3428,
      "length": 39,
      "value": "\"\""
    },
    {
      "filePath": "\/Users\/b0276971\/Documents\/GitHub\/growth-sdk-ios\/Growth SDK iOS\/Growth SDK iOS\/Network\/GrowthHeadersHelper.swift",
      "kind": "StringLiteral",
      "offset": 3434,
      "length": 1,
      "value": "\"-\""
    },
    {
      "filePath": "\/Users\/b0276971\/Documents\/GitHub\/growth-sdk-ios\/Growth SDK iOS\/Growth SDK iOS\/Network\/GrowthHeadersHelper.swift",
      "kind": "StringLiteral",
      "offset": 3466,
      "length": 1,
      "value": "\"\""
    }
  ]
}